<?xml version="1.0" encoding="UTF-8"?><metadata>
    <idinfo>
        <citation>
            <citeinfo>
                <title>2020 Census Data - City of Baltimore - City Neighborhood Statistical Areas</title>
                <geoform>vector digital data</geoform>
            </citeinfo>
        </citation>
        <descript>
            <abstract>This layer is a 2020 Census Data representing the City Neighborhood Statistical Areas for the City of Baltimore. Below is a description of the fields/attributes contained in the layer.NAME: Name of GeographyPopulation: Total Population CountWhite: Total Count of Population that is WhiteBlk_AfAm: Total Count of Population that is Black/Afican AmericanAmInd_AkNa: Total Count of Population that is American Indian/Native AlaskanAsian: Total Count of Population that is AsianNatHaw_Pac: Total Count of Population that is Native Hawiian/Pacific IslanderOther_Race: Total Count of Population that is of another raceTwoOrMore: Total Count of Population that is of two or more racesHisp_Lat: Total Count of Population that is Hispanic/LatinoMale: Total Count of Population that is MaleFemale: Total Count of Population that is FemaleAge0_4: Total Count of Population Age 0-4Age5_11: Total Count of Population Age 5-11Age12_14: Total Count of Population Age 12-14Age15_17: Total Count of Population Age 15-17Age18_24: Total Count of Population Age 18-24Age25_34: Total Count of Population Age 25-34Age35_44: Total Count of Population Age 35-44Age45_64: Total Count of Population Age 45-64Age65ovr: Total Count of Population Age 65 and OverFamilies: Total Count of FamiliesMarried: Total Count of Married Couple FamiliesMarried18: Total Count of Married Couple Families With Persons Present Under Age 18MaleHH: Total Count of Families, Male Householder, No Wife PresentMaleHH18: Total Count of Families, Male Householder, No Wife Present, Persons Present Under Age 18FemaleHH: Total Count of Families, Female Householder, No Husband PresentFemaleHH18: Total Count of Families, Female Householder, No Husband Present, Persons Present Under Age 18Housing: Total Count of Housing UnitsOccupied: Total Count of Occupied Housing UnitsOcc_Own: Total Count of Owner Occupied Housing UnitsOcc_Rent: Total Count of Renter Occupied Housing UnitsVacant: Total Count of Vacant Housing UnitsVac_Rent: Total Count of Vacant Housing Units for RentVac_Sale: Total Count of Vacant Housing Units for SaleVac_Other: Total Count of Vacant Housing Units, Other.</abstract>
            <purpose>2020 Census Data - City of Baltimore - City Neighborhood Statistical Areas</purpose>
        </descript>
        <spdom>
            <bounding>
                <westbc>-76.712080</westbc>
                <eastbc>-76.528947</eastbc>
                <northbc>39.372558</northbc>
                <southbc>39.197157</southbc>
            </bounding>
        </spdom>
        <keywords>
            <theme>
                <themekt>None</themekt>
                <themekey>Negihborhood</themekey>
                <themekey>NSA</themekey>
                <themekey>Neighborhood_NSA</themekey>
            </theme>
        </keywords>
        <accconst>None</accconst>
        <useconst/>
        <datacred>Source:  U.S. Census Bureau, 2020 Census, Summary File 1
Prepared by City of Baltimore, Department of Planning</datacred>
        <native> Version 6.2 (Build 9200) ; Esri ArcGIS 10.8.1.14362</native>
    </idinfo>
    <spdoinfo>
        <direct>Vector</direct>
        <ptvctinf>
            <sdtsterm>
                <sdtstype>GT-polygon composed of chains</sdtstype>
                <ptvctcnt>279</ptvctcnt>
            </sdtsterm>
        </ptvctinf>
    </spdoinfo>
    <eainfo>
        <detailed>
            <enttyp>
                <enttypl>Neighborhood_NSA</enttypl>
            </enttyp>
            <attr>
                <attrlabl>OBJECTID</attrlabl>
                <attrdef>Internal feature number.</attrdef>
                <attrdefs>Esri</attrdefs>
                <attrdomv>
                                        
                    <udom>Sequential unique whole numbers that are automatically generated.</udom>
                                    
                </attrdomv>
            </attr>
            <attr>
                <attrlabl>Shape</attrlabl>
                <attrdef>Feature geometry.</attrdef>
                <attrdefs>Esri</attrdefs>
                <attrdomv>
                                        
                    <udom>Coordinates defining the features.</udom>
                                    
                </attrdomv>
            </attr>
            <attr>
                <attrlabl>Name</attrlabl>
            </attr>
            <attr>
                <attrlabl>Population</attrlabl>
            </attr>
            <attr>
                <attrlabl>White</attrlabl>
            </attr>
            <attr>
                <attrlabl>Blk_AfAm</attrlabl>
            </attr>
            <attr>
                <attrlabl>AmInd_AkNa</attrlabl>
            </attr>
            <attr>
                <attrlabl>Asian</attrlabl>
            </attr>
            <attr>
                <attrlabl>NatHaw_Pac</attrlabl>
            </attr>
            <attr>
                <attrlabl>Other_Race</attrlabl>
            </attr>
            <attr>
                <attrlabl>TwoOrMore</attrlabl>
            </attr>
            <attr>
                <attrlabl>Hisp_Lat</attrlabl>
            </attr>
            <attr>
                <attrlabl>Housing</attrlabl>
            </attr>
            <attr>
                <attrlabl>Occupied</attrlabl>
            </attr>
            <attr>
                <attrlabl>Vacant</attrlabl>
            </attr>
            <attr>
                <attrlabl>Shape.STArea()</attrlabl>
            </attr>
            <attr>
                <attrlabl>Shape.STLength()</attrlabl>
            </attr>
        </detailed>
    </eainfo>
    <metainfo>
        <metd>20230523</metd>
        <metstdn>FGDC Content Standard for Digital Geospatial Metadata</metstdn>
        <metstdv>FGDC-STD-001-1998</metstdv>
        <mettc>local time</mettc>
        <metuc>THE CITY OF BALTIMORE MAKES NO REPRESENTATIONS NOR WARRANTIES, EITHER EXPRESSED OR IMPLIED, REGARDING THE ACCURACY OF INFORMATION CONTAINED ON THIS MAP OR ITS SUITABILITY FOR ANY PARTICULAR PURPOSE WHATSOEVER. THE MAP IS SOLD AND/OR PROVIDED "AS IS" AND THE CITY OF BALTIMORE WILL NOT BE LIABLE FOR ITS USE OR MISUSE BY ANY PARTY.</metuc>
    </metainfo>
</metadata>
